"Time (s)","Acceleration x (m/s^2)","Acceleration y (m/s^2)","Acceleration z (m/s^2)","Absolute acceleration (m/s^2)"
3.300645833E-2,-2.600093079E-1,1.203497314E-1,9.764195251E0,9.768397914E0
4.302145833E-2,-2.652484131E-1,1.213975525E-1,9.784552917E0,9.788900341E0
5.303745833E-2,-2.772235107E-1,1.163081360E-1,9.780810699E0,9.785429903E0
6.305245833E-2,-2.719844055E-1,1.122665405E-1,9.787846069E0,9.792267867E0
7.306845833E-2,-2.715353394E-1,1.139131165E-1,9.789941711E0,9.794369115E0
8.308445833E-2,-2.697390747E-1,1.182540894E-1,9.782457275E0,9.786889881E0
9.309945833E-2,-2.761756897E-1,1.276844788E-1,9.780960388E0,9.785691721E0
1.031154583E-1,-2.782713318E-1,1.224453735E-1,9.781708832E0,9.786432214E0
1.131304583E-1,-2.790197754E-1,1.176553345E-1,9.777667236E0,9.782355105E0
1.231464583E-1,-2.767744446E-1,1.143621826E-1,9.781559143E0,9.786142349E0
1.331614583E-1,-2.727328491E-1,1.218466187E-1,9.779463501E0,9.784024539E0
1.431774583E-1,-2.772235107E-1,1.204994202E-1,9.782756653E0,9.787425643E0
1.531934583E-1,-2.815644836E-1,1.116677856E-1,9.791139221E0,9.795823370E0
1.632084583E-1,-2.709365845E-1,1.146615601E-1,9.784253540E0,9.788675663E0
1.732244583E-1,-2.731819153E-1,1.148112488E-1,9.788594513E0,9.793078807E0
1.832394583E-1,-2.748284912E-1,1.055305481E-1,9.781259766E0,9.785689041E0
1.932554583E-1,-2.715353394E-1,1.164578247E-1,9.785151672E0,9.789611183E0
2.032704583E-1,-2.739303589E-1,1.200503540E-1,9.779313812E0,9.783886169E0
2.132864583E-1,-2.784210205E-1,1.143621826E-1,9.785001984E0,9.789630268E0
2.233024583E-1,-2.728825378E-1,1.216969299E-1,9.783954163E0,9.788515417E0
2.333174583E-1,-2.736309814E-1,1.146615601E-1,9.782307587E0,9.786805552E0
2.433334583E-1,-2.698887634E-1,1.225950623E-1,9.791288910E0,9.795775008E0
2.533484583E-1,-2.700384521E-1,1.151106262E-1,9.783954163E0,9.788356873E0
2.633644583E-1,-2.700384521E-1,1.181044006E-1,9.781858521E0,9.786297846E0
2.733794583E-1,-2.685415649E-1,1.158590698E-1,9.788744202E0,9.793112424E0
2.833954583E-1,-2.763253784E-1,1.131646729E-1,9.780661011E0,9.785218023E0
2.934114583E-1,-2.728825378E-1,1.085243225E-1,9.783954163E0,9.788360509E0
3.034264583E-1,-2.734812927E-1,1.219963074E-1,9.781409454E0,9.785992338E0
3.134424583E-1,-2.704875183E-1,1.207987976E-1,9.781708832E0,9.786193515E0
3.234574583E-1,-2.763253784E-1,1.137634277E-1,9.779762878E0,9.784327253E0
3.334734583E-1,-2.700384521E-1,1.178050232E-1,9.779014435E0,9.783451441E0
3.434884583E-1,-2.661465454E-1,1.166075134E-1,9.789492645E0,9.793804039E0
3.535044583E-1,-2.727328491E-1,1.151106262E-1,9.784103851E0,9.788581196E0
3.635204583E-1,-2.815644836E-1,1.148112488E-1,9.785451050E0,9.790174280E0
3.735354583E-1,-2.733316040E-1,1.243913269E-1,9.797276459E0,9.801877850E0
3.835514583E-1,-2.761756897E-1,1.124162292E-1,9.774224396E0,9.778771547E0
3.935664583E-1,-2.730322266E-1,1.157093811E-1,9.780211945E0,9.784706482E0
4.035824583E-1,-2.743794250E-1,1.225950623E-1,9.787546692E0,9.792159305E0
4.135974583E-1,-2.763253784E-1,1.145118713E-1,9.776918793E0,9.781493228E0
4.236134583E-1,-2.721340942E-1,1.275347900E-1,9.784103851E0,9.788718520E0
4.336294583E-1,-2.736309814E-1,1.190025330E-1,9.782307587E0,9.786857373E0
4.436444583E-1,-2.751278687E-1,1.266366577E-1,9.784253540E0,9.788940163E0
4.536604583E-1,-2.653981018E-1,1.191522217E-1,9.787696381E0,9.792018885E0
4.636758333E-1,-2.731819153E-1,1.136137390E-1,9.786199493E0,9.790670915E0
4.736918333E-1,-2.700384521E-1,1.124162292E-1,9.785301361E0,9.789672155E0
4.837078333E-1,-2.766247559E-1,1.240919495E-1,9.782307587E0,9.787004740E0
4.937228333E-1,-2.782713318E-1,1.182540894E-1,9.779313812E0,9.783986795E0
5.037388333E-1,-2.769241333E-1,1.173559570E-1,9.786947937E0,9.791568277E0
5.137538333E-1,-2.754272461E-1,1.158590698E-1,9.781858521E0,9.786421185E0
5.237698333E-1,-2.686912537E-1,1.086740112E-1,9.781858521E0,9.786151498E0
5.337848333E-1,-2.740800476E-1,1.163081360E-1,9.780511322E0,9.785042114E0
5.438008333E-1,-2.728825378E-1,1.158590698E-1,9.784552917E0,9.789043058E0
5.538168333E-1,-2.709365845E-1,1.181044006E-1,9.782157898E0,9.786621911E0
5.638318333E-1,-2.740800476E-1,1.242416382E-1,9.774224396E0,9.778855679E0
5.738478333E-1,-2.646496582E-1,1.216969299E-1,9.783654785E0,9.787990117E0
5.838628333E-1,-2.671943665E-1,1.181044006E-1,9.777517548E0,9.781880743E0
5.938788333E-1,-2.689906311E-1,1.194515991E-1,9.787247314E0,9.791671698E0
6.038938333E-1,-2.757266235E-1,1.194515991E-1,9.777966614E0,9.782582734E0
6.139098333E-1,-2.742297363E-1,1.145118713E-1,9.784103851E0,9.788615995E0
6.239258333E-1,-2.743794250E-1,1.146615601E-1,9.785750427E0,9.790267758E0
6.339408333E-1,-2.688409424E-1,1.166075134E-1,9.784702606E0,9.789089736E0
6.439568333E-1,-2.718347168E-1,1.122665405E-1,9.784852295E0,9.789271287E0
6.539718333E-1,-2.722837830E-1,1.188528442E-1,9.782756653E0,9.787266839E0
6.639878333E-1,-2.764750671E-1,1.204994202E-1,9.783654785E0,9.788302178E0
6.740028333E-1,-2.773731995E-1,1.231938171E-1,9.787696381E0,9.792400781E0
6.840188333E-1,-2.757266235E-1,1.083746338E-1,9.786498871E0,9.790982095E0
6.940338333E-1,-2.718347168E-1,1.112187195E-1,9.792187042E0,9.796590774E0
7.040498333E-1,-2.704875183E-1,1.193019104E-1,9.781409454E0,9.785875912E0
7.140658333E-1,-2.712359619E-1,1.133143616E-1,9.787247314E0,9.791660691E0
7.240808333E-1,-2.829116821E-1,1.154100037E-1,9.785001984E0,9.789771310E0
7.340968333E-1,-2.733316040E-1,1.190025330E-1,9.782756653E0,9.787297865E0
7.441118333E-1,-2.740800476E-1,1.161584473E-1,9.774673462E0,9.779205180E0
7.541278333E-1,-2.688409424E-1,1.263372803E-1,9.782157898E0,9.786666935E0
7.641438333E-1,-2.733316040E-1,1.169068909E-1,9.787097626E0,9.791611579E0
7.741588333E-1,-2.770738220E-1,1.193019104E-1,9.780211945E0,9.784863235E0
7.841748333E-1,-2.766247559E-1,1.230441284E-1,9.786349182E0,9.791031173E0
7.941898333E-1,-2.772235107E-1,1.166075134E-1,9.775571594E0,9.780196838E0
8.042058333E-1,-2.679428101E-1,1.207987976E-1,9.786199493E0,9.790612148E0
8.142208333E-1,-2.764750671E-1,1.210981750E-1,9.783654785E0,9.788309567E0
8.242368333E-1,-2.698887634E-1,1.187031555E-1,9.781259766E0,9.785702478E0
8.342528333E-1,-2.796185303E-1,1.193019104E-1,9.781858521E0,9.786581404E0
8.442678333E-1,-2.757266235E-1,1.176553345E-1,9.784403229E0,9.788994560E0
8.542838333E-1,-2.691403198E-1,1.088237000E-1,9.784552917E0,9.788858713E0
8.642988333E-1,-2.628533936E-1,1.164578247E-1,9.773026886E0,9.777254668E0
8.743148333E-1,-2.712359619E-1,1.163081360E-1,9.773625641E0,9.778080318E0
8.843298333E-1,-2.746788025E-1,1.230441284E-1,9.770781555E0,9.775416129E0
8.943458333E-1,-2.668949890E-1,1.188528442E-1,9.777068481E0,9.781432770E0
9.043608333E-1,-2.790197754E-1,1.216969299E-1,9.785451050E0,9.790184596E0
9.143768333E-1,-2.694396973E-1,1.254391479E-1,9.780361633E0,9.784876413E0
9.243928333E-1,-2.734812927E-1,1.169068909E-1,9.789492645E0,9.794009674E0
9.344078333E-1,-2.689906311E-1,1.139131165E-1,9.792187042E0,9.796543228E0
9.444238333E-1,-2.742297363E-1,1.124162292E-1,9.785900116E0,9.790387144E0
9.544388333E-1,-2.770738220E-1,1.137634277E-1,9.784103851E0,9.788687358E0
9.644548333E-1,-2.710862732E-1,1.199006653E-1,9.779912567E0,9.784403597E0
9.744698333E-1,-2.707868958E-1,1.172062683E-1,9.792486420E0,9.796930802E0
9.844858333E-1,-2.775228882E-1,1.215472412E-1,9.783654785E0,9.788344786E0
9.945018333E-1,-2.754272461E-1,1.121168518E-1,9.776320038E0,9.780841673E0
1.004516833E0,-2.797682190E-1,1.079255676E-1,9.789792023E0,9.794383392E0
1.014532833E0,-2.772235107E-1,1.233435059E-1,9.794731750E0,9.799430420E0
1.024547833E0,-2.776725769E-1,1.157093811E-1,9.783654785E0,9.788278279E0
1.034563833E0,-2.749781799E-1,1.199006653E-1,9.787696381E0,9.792292357E0
1.044578833E0,-2.779719543E-1,1.173559570E-1,9.785451050E0,9.790101791E0
1.054594833E0,-2.784210205E-1,1.131646729E-1,9.780810699E0,9.785427045E0
1.064610833E0,-2.755769348E-1,1.228944397E-1,9.787696381E0,9.792346304E0
1.074625833E0,-2.639012146E-1,1.067280579E-1,9.776619415E0,9.780762850E0
1.084641833E0,-2.781216431E-1,1.145118713E-1,9.780062256E0,9.784686114E0
1.094656833E0,-2.724334717E-1,1.100212097E-1,9.783804474E0,9.788215090E0
1.104672833E0,-2.703378296E-1,1.172062683E-1,9.782906342E0,9.787342660E0
1.114687833E0,-2.710862732E-1,1.125659180E-1,9.774972839E0,9.779378961E0
1.124703833E0,-2.697390747E-1,1.204994202E-1,9.775122528E0,9.779585866E0
1.134718833E0,-2.718347168E-1,1.206491089E-1,9.775721283E0,9.780244216E0
1.144734833E0,-2.685415649E-1,1.179547119E-1,9.779463501E0,9.783860907E0
1.154750833E0,-2.665956116E-1,1.161584473E-1,9.776170349E0,9.780494502E0
1.164765833E0,-2.719844055E-1,1.082249451E-1,9.777667236E0,9.782048085E0
1.174781833E0,-2.725831604E-1,1.155596924E-1,9.786049805E0,9.790527381E0
1.184796833E0,-2.710862732E-1,1.227447510E-1,9.780511322E0,9.785037341E0
1.194812833E0,-2.754272461E-1,1.109193420E-1,9.780361633E0,9.784867753E0
1.204827833E0,-2.730322266E-1,1.155596924E-1,9.781708832E0,9.786200913E0
1.214843833E0,-2.752775574E-1,1.233435059E-1,9.778565369E0,9.783216855E0
1.224859833E0,-2.731819153E-1,1.164578247E-1,9.780960388E0,9.785467638E0
1.234874833E0,-2.659968567E-1,1.234931946E-1,9.781409454E0,9.785804812E0
1.244890833E0,-2.725831604E-1,1.202000427E-1,9.781259766E0,9.785795432E0
1.254905833E0,-2.725831604E-1,1.142124939E-1,9.778265991E0,9.782731309E0
1.264921833E0,-2.752775574E-1,1.173559570E-1,9.778565369E0,9.783143198E0
1.274936833E0,-2.778222656E-1,1.182540894E-1,9.787696381E0,9.792352612E0
1.284952833E0,-2.736309814E-1,1.216969299E-1,9.784852295E0,9.789434023E0
1.294968833E0,-2.754272461E-1,1.151106262E-1,9.776769104E0,9.781325306E0
1.304983833E0,-2.793191528E-1,1.140628052E-1,9.785600739E0,9.790250831E0
1.314999833E0,-2.661465454E-1,1.163081360E-1,9.772727509E0,9.777042729E0
1.325014833E0,-2.743794250E-1,1.234931946E-1,9.781858521E0,9.786485107E0
1.335030833E0,-2.754272461E-1,1.240919495E-1,9.788893890E0,9.793554134E0
1.345045833E0,-2.639012146E-1,1.246907043E-1,9.785600739E0,9.789952678E0
1.355061833E0,-2.683918762E-1,1.178050232E-1,9.784103851E0,9.788493265E0
1.365076833E0,-2.770738220E-1,1.293310547E-1,9.786049805E0,9.790825665E0
1.375092833E0,-2.824626160E-1,1.204994202E-1,9.786349182E0,9.791166200E0
1.385108833E0,-2.788700867E-1,1.182540894E-1,9.781259766E0,9.785948863E0
1.395123833E0,-2.718347168E-1,1.130149841E-1,9.786049805E0,9.790476867E0
1.405139833E0,-2.805166626E-1,1.113684082E-1,9.783505096E0,9.788159403E0
1.415154833E0,-2.767744446E-1,1.085243225E-1,9.789941711E0,9.794454571E0
1.425170833E0,-2.740800476E-1,1.134640503E-1,9.781110077E0,9.785607201E0
1.435185833E0,-2.797682190E-1,1.219963074E-1,9.778265991E0,9.783028118E0
1.445201833E0,-2.767744446E-1,1.255888367E-1,9.783205719E0,9.787925765E0
1.455217458E0,-2.703378296E-1,1.181044006E-1,9.783954163E0,9.788400801E0
1.465232458E0,-2.755769348E-1,1.157093811E-1,9.792187042E0,9.796747337E0
1.475248458E0,-2.742297363E-1,1.131646729E-1,9.788295135E0,9.792789687E0
1.485263458E0,-2.766247559E-1,1.152603149E-1,9.779014435E0,9.783605139E0
1.495279458E0,-2.722837830E-1,1.143621826E-1,9.787546692E0,9.792001196E0
1.505294458E0,-2.772235107E-1,1.173559570E-1,9.789043579E0,9.793671400E0
1.515310458E0,-2.773731995E-1,1.109193420E-1,9.783954163E0,9.788513577E0
1.525325458E0,-2.826123047E-1,1.125659180E-1,9.776918793E0,9.781650264E0
1.535341458E0,-2.709365845E-1,1.158590698E-1,9.790540466E0,9.794973843E0
1.545357458E0,-2.730322266E-1,1.116677856E-1,9.781708832E0,9.786155729E0
1.555372458E0,-2.703378296E-1,1.163081360E-1,9.783505096E0,9.787930430E0
1.565388458E0,-2.754272461E-1,1.167572021E-1,9.786947937E0,9.791518898E0
1.575403458E0,-2.751278687E-1,1.176553345E-1,9.792037354E0,9.796608273E0
1.585419458E0,-2.733316040E-1,1.118174744E-1,9.780960388E0,9.785417693E0
1.595434458E0,-2.736309814E-1,1.145118713E-1,9.784253540E0,9.788748859E0
1.605450458E0,-2.664459229E-1,1.197509766E-1,9.779313812E0,9.783675810E0
1.615465458E0,-2.631527710E-1,1.161584473E-1,9.779014435E0,9.783244118E0
1.625481458E0,-2.739303589E-1,1.181044006E-1,9.786798248E0,9.791343444E0
1.635497458E0,-2.803669739E-1,1.243913269E-1,9.784852295E0,9.789658486E0
1.645512458E0,-2.695893860E-1,1.251397705E-1,9.781559143E0,9.786073659E0
1.655528458E0,-2.758763123E-1,1.161584473E-1,9.783505096E0,9.788083188E0
1.665543458E0,-2.817141724E-1,1.139131165E-1,9.785301361E0,9.790018478E0
1.675559458E0,-2.742297363E-1,1.110690308E-1,9.782157898E0,9.786631260E0
1.685574458E0,-2.725831604E-1,1.091230774E-1,9.787097626E0,9.791500874E0
1.695590458E0,-2.772235107E-1,1.125659180E-1,9.786498871E0,9.791071653E0
1.705605458E0,-2.767744446E-1,1.210981750E-1,9.787546692E0,9.792208081E0
1.715621458E0,-2.718347168E-1,1.272354126E-1,9.784253540E0,9.788855924E0
1.725637458E0,-2.718347168E-1,1.209484863E-1,9.779613190E0,9.784138020E0
1.735652458E0,-2.737806702E-1,1.130149841E-1,9.790839844E0,9.795318938E0
1.745668458E0,-2.697390747E-1,1.155596924E-1,9.784253540E0,9.788653153E0
1.755683458E0,-2.703378296E-1,1.139131165E-1,9.790241089E0,9.794635232E0
1.765699458E0,-2.716850281E-1,1.110690308E-1,9.789642334E0,9.794041357E0
1.775714458E0,-2.712359619E-1,1.204994202E-1,9.781559143E0,9.786060920E0
1.785730458E0,-2.721340942E-1,1.146615601E-1,9.777517548E0,9.781975957E0
1.795745458E0,-2.718347168E-1,1.134640503E-1,9.789193268E0,9.793624101E0
1.805761458E0,-2.736309814E-1,1.202000427E-1,9.783205719E0,9.787769721E0
1.815777458E0,-2.725831604E-1,1.140628052E-1,9.782756653E0,9.787218176E0
1.825792458E0,-2.694396973E-1,1.164578247E-1,9.779164124E0,9.783568425E0
1.835808458E0,-2.767744446E-1,1.199006653E-1,9.778715057E0,9.783365905E0
1.845823458E0,-2.764750671E-1,1.216969299E-1,9.778715057E0,9.783379619E0
1.855839458E0,-2.716850281E-1,1.088237000E-1,9.770931244E0,9.775313434E0
1.865854458E0,-2.704875183E-1,1.154100037E-1,9.782157898E0,9.786577344E0
1.875870458E0,-2.764750671E-1,1.148112488E-1,9.780960388E0,9.785540670E0
1.885885458E0,-2.685415649E-1,1.206491089E-1,9.787097626E0,9.791524433E0
1.895901458E0,-2.721340942E-1,1.194515991E-1,9.786648560E0,9.791160078E0
1.905917458E0,-2.793191528E-1,1.172062683E-1,9.777218170E0,9.781909407E0
1.915932458E0,-2.800675964E-1,1.172062683E-1,9.790091400E0,9.794797843E0
1.925948458E0,-2.760260010E-1,1.221459961E-1,9.789342957E0,9.793995381E0
1.935963458E0,-2.805166626E-1,1.112187195E-1,9.792037354E0,9.796685906E0
1.945979458E0,-2.700384521E-1,1.210981750E-1,9.785451050E0,9.789925321E0
1.955994458E0,-2.739303589E-1,1.203497314E-1,9.784103851E0,9.788677647E0
1.966010458E0,-2.695893860E-1,1.249900818E-1,9.777816925E0,9.782331255E0
1.976025458E0,-2.715353394E-1,1.196012878E-1,9.778415680E0,9.782916187E0
1.986041458E0,-2.749781799E-1,1.196012878E-1,9.772128754E0,9.776728382E0
1.996057458E0,-2.734812927E-1,1.155596924E-1,9.784403229E0,9.788906609E0
2.006072458E0,-2.722837830E-1,1.164578247E-1,9.782756653E0,9.787238048E0
2.016088458E0,-2.706372070E-1,1.291813660E-1,9.787397003E0,9.791990218E0
2.026103458E0,-2.737806702E-1,1.216969299E-1,9.785001984E0,9.789587827E0
2.036119458E0,-2.692900085E-1,1.157093811E-1,9.776769104E0,9.781161479E0
2.046134458E0,-2.736309814E-1,1.206491089E-1,9.786199493E0,9.790767623E0
2.056150458E0,-2.728825378E-1,1.275347900E-1,9.783355408E0,9.787991267E0
2.066165458E0,-2.725831604E-1,1.193019104E-1,9.786648560E0,9.791170745E0
2.076181458E0,-2.718347168E-1,1.137634277E-1,9.786798248E0,9.791233640E0
2.086197458E0,-2.721340942E-1,1.157093811E-1,9.782457275E0,9.786925767E0
2.096212458E0,-2.757266235E-1,1.175056458E-1,9.780960388E0,9.785551536E0
2.106228458E0,-2.730322266E-1,1.083746338E-1,9.774523773E0,9.778936888E0
2.116243458E0,-2.736309814E-1,1.101708984E-1,9.778265991E0,9.782714211E0
2.126259458E0,-2.686912537E-1,1.085243225E-1,9.782756653E0,9.787047576E0
2.136274458E0,-2.656974792E-1,1.242416382E-1,9.779613190E0,9.784010695E0
2.146290458E0,-2.673440552E-1,1.251397705E-1,9.778715057E0,9.783169271E0
2.156305458E0,-2.712359619E-1,1.134640503E-1,9.783355408E0,9.787772273E0
2.166321458E0,-2.662962341E-1,1.109193420E-1,9.784702606E0,9.788954075E0
2.176336458E0,-2.680924988E-1,1.207987976E-1,9.778565369E0,9.782985567E0
2.186352458E0,-2.715353394E-1,1.103205872E-1,9.779912567E0,9.784303342E0
2.196368458E0,-2.695893860E-1,1.088237000E-1,9.786498871E0,9.790816165E0
2.206383458E0,-2.740800476E-1,1.216969299E-1,9.787846069E0,9.792438955E0
2.216399458E0,-2.760260010E-1,1.160087585E-1,9.778265991E0,9.782848981E0
2.226414458E0,-2.676434326E-1,1.194515991E-1,9.787097626E0,9.791485159E0
2.236430458E0,-2.779719543E-1,1.166075134E-1,9.789941711E0,9.794581381E0
2.246445458E0,-2.757266235E-1,1.181044006E-1,9.782008209E0,9.786606073E0
2.256461458E0,-2.749781799E-1,1.140628052E-1,9.787397003E0,9.791923377E0
2.266476458E0,-2.730322266E-1,1.164578247E-1,9.787696381E0,9.792196355E0
2.276492458E0,-2.695893860E-1,1.128652954E-1,9.775122528E0,9.779490654E0
2.286508458E0,-2.752775574E-1,1.145118713E-1,9.778116302E0,9.782660636E0
2.296523458E0,-2.734812927E-1,1.194515991E-1,9.781110077E0,9.785661707E0
2.306539458E0,-2.703378296E-1,1.167572021E-1,9.780960388E0,9.785392220E0
2.316554458E0,-2.734812927E-1,1.149609375E-1,9.785600739E0,9.790096519E0
2.326570458E0,-2.718347168E-1,1.170565796E-1,9.785151672E0,9.789626633E0
2.336585458E0,-2.724334717E-1,1.155596924E-1,9.776619415E0,9.781097138E0
2.346601458E0,-2.779719543E-1,1.191522217E-1,9.784702606E0,9.789375401E0
2.356616458E0,-2.758763123E-1,1.166075134E-1,9.773026886E0,9.777615229E0
2.366632458E0,-2.745291138E-1,1.263372803E-1,9.778864746E0,9.783533261E0
2.376648458E0,-2.743794250E-1,1.197509766E-1,9.788295135E0,9.792872205E0
2.386663458E0,-2.682421875E-1,1.173559570E-1,9.782606964E0,9.786987550E0
2.396679458E0,-2.718347168E-1,1.145118713E-1,9.786199493E0,9.790643881E0
2.406694458E0,-2.697390747E-1,1.148112488E-1,9.790390778E0,9.794778832E0
2.416710458E0,-2.754272461E-1,1.175056458E-1,9.791588287E0,9.796166032E0
2.426725458E0,-2.718347168E-1,1.200503540E-1,9.777667236E0,9.782181903E0
2.436741458E0,-2.736309814E-1,1.143621826E-1,9.775272217E0,9.779769912E0
2.446756458E0,-2.787203979E-1,1.140628052E-1,9.794731750E0,9.799360461E0
2.456773208E0,-2.770738220E-1,1.175056458E-1,9.782756653E0,9.787385004E0
2.466788208E0,-2.725831604E-1,1.311273193E-1,9.780511322E0,9.785187667E0
2.476804208E0,-2.781216431E-1,1.240919495E-1,9.787696381E0,9.792433349E0
2.486820208E0,-2.763253784E-1,1.167572021E-1,9.784403229E0,9.789000690E0
2.496835208E0,-2.776725769E-1,1.257385254E-1,9.783056030E0,9.787803509E0
2.506851208E0,-2.778222656E-1,1.248403931E-1,9.795330505E0,9.800064798E0
2.516866208E0,-2.710862732E-1,1.234931946E-1,9.791139221E0,9.795669736E0
2.526882208E0,-2.769241333E-1,1.133143616E-1,9.781858521E0,9.786433632E0
2.536897208E0,-2.796185303E-1,1.088237000E-1,9.779313812E0,9.783915768E0
2.546913208E0,-2.743794250E-1,1.187031555E-1,9.791887665E0,9.796450303E0
2.556928208E0,-2.719844055E-1,1.170565796E-1,9.790241089E0,9.794717879E0
2.566944208E0,-2.695893860E-1,1.157093811E-1,9.777966614E0,9.782366697E0
2.576959208E0,-2.692900085E-1,1.200503540E-1,9.777367859E0,9.781812278E0
2.586975208E0,-2.778222656E-1,1.203497314E-1,9.786349182E0,9.791031589E0
2.596991208E0,-2.793191528E-1,1.160087585E-1,9.784103851E0,9.788777523E0
2.607006208E0,-2.761756897E-1,1.187031555E-1,9.778715057E0,9.783334382E0
2.617022208E0,-2.728825378E-1,1.142124939E-1,9.788893890E0,9.793362700E0
2.627037208E0,-2.692900085E-1,1.163081360E-1,9.781259766E0,9.785657223E0
2.637053208E0,-2.737806702E-1,1.169068909E-1,9.777667236E0,9.782198100E0
2.647068208E0,-2.722837830E-1,1.151106262E-1,9.780211945E0,9.784678564E0
2.657084208E0,-2.712359619E-1,1.161584473E-1,9.790989532E0,9.795434536E0
2.667099208E0,-2.757266235E-1,1.213975525E-1,9.785900116E0,9.790536431E0
2.677115208E0,-2.733316040E-1,1.190025330E-1,9.786798248E0,9.791337586E0
2.687130208E0,-2.679428101E-1,1.122665405E-1,9.783205719E0,9.787518136E0
2.697146208E0,-2.728825378E-1,1.169068909E-1,9.783355408E0,9.787858557E0
2.707162208E0,-2.677931213E-1,1.260379028E-1,9.781559143E0,9.786035866E0
2.717177208E0,-2.709365845E-1,1.248403931E-1,9.788594513E0,9.793139144E0
2.727193208E0,-2.782713318E-1,1.161584473E-1,9.784103851E0,9.788749455E0
2.737208208E0,-2.740800476E-1,1.158590698E-1,9.782307587E0,9.786832221E0
2.747224208E0,-2.719844055E-1,1.188528442E-1,9.791139221E0,9.795637231E0
2.757239208E0,-2.686912537E-1,1.134640503E-1,9.781259766E0,9.785607374E0
2.767255208E0,-2.758763123E-1,1.185534668E-1,9.778565369E0,9.783174502E0
2.777270208E0,-2.829116821E-1,1.188528442E-1,9.772877197E0,9.777693682E0
2.787286208E0,-2.742297363E-1,1.269360352E-1,9.780062256E0,9.784729553E0
2.797301208E0,-2.763253784E-1,1.157093811E-1,9.779613190E0,9.784200454E0
2.807317208E0,-2.706372070E-1,1.101708984E-1,9.782307587E0,9.786670723E0
2.817333208E0,-2.757266235E-1,1.234931946E-1,9.786947937E0,9.791609963E0
2.827348208E0,-2.743794250E-1,1.154100037E-1,9.784403229E0,9.788929976E0
2.837364208E0,-2.725831604E-1,1.122665405E-1,9.774074707E0,9.778519404E0
2.847379208E0,-2.755769348E-1,1.128652954E-1,9.786798248E0,9.791327856E0
2.857395208E0,-2.788700867E-1,1.254391479E-1,9.783505096E0,9.788282560E0
2.867410208E0,-2.755769348E-1,1.249900818E-1,9.785301361E0,9.789978953E0
2.877426208E0,-2.764750671E-1,1.194515991E-1,9.790690155E0,9.795321376E0
2.887441208E0,-2.736309814E-1,1.181044006E-1,9.785451050E0,9.789988499E0
2.897457208E0,-2.697390747E-1,1.184037781E-1,9.786648560E0,9.791081077E0
2.907472208E0,-2.787203979E-1,1.196012878E-1,9.783205719E0,9.787905990E0
2.917488208E0,-2.712359619E-1,1.202000427E-1,9.787397003E0,9.791892416E0
2.927504208E0,-2.676434326E-1,1.119671631E-1,9.784403229E0,9.788703499E0
2.937519208E0,-2.769241333E-1,1.264869690E-1,9.780361633E0,9.785098855E0
2.947535208E0,-2.752775574E-1,1.207987976E-1,9.777816925E0,9.782437012E0
2.957550208E0,-2.740800476E-1,1.185534668E-1,9.791139221E0,9.795692015E0
2.967566208E0,-2.824626160E-1,1.213975525E-1,9.787995758E0,9.792823058E0
2.977581208E0,-2.688409424E-1,1.181044006E-1,9.781858521E0,9.786264876E0
2.987597208E0,-2.764750671E-1,1.187031555E-1,9.791139221E0,9.795761132E0
2.997612208E0,-2.773731995E-1,1.191522217E-1,9.774374084E0,9.779034814E0
3.007628208E0,-2.805166626E-1,1.172062683E-1,9.769584045E0,9.774313241E0
3.017643208E0,-2.737806702E-1,1.203497314E-1,9.776020660E0,9.780594045E0
3.027659208E0,-2.725831604E-1,1.237925720E-1,9.786498871E0,9.791076873E0
3.037674208E0,-2.713856506E-1,1.130149841E-1,9.788444824E0,9.792858349E0
3.047690208E0,-2.683918762E-1,1.122665405E-1,9.784253540E0,9.788577798E0
3.057706208E0,-2.618055725E-1,1.107696533E-1,9.786349182E0,9.790477128E0
3.067721208E0,-2.709365845E-1,1.151106262E-1,9.780361633E0,9.784790788E0
3.077737208E0,-2.727328491E-1,1.196012878E-1,9.774823151E0,9.779358634E0
3.087752208E0,-2.806663513E-1,1.181044006E-1,9.780810699E0,9.785549560E0
3.097768208E0,-2.782713318E-1,1.166075134E-1,9.777218170E0,9.781872387E0
3.107783208E0,-2.730322266E-1,1.154100037E-1,9.781708832E0,9.786199147E0
3.117799208E0,-2.770738220E-1,1.164578247E-1,9.783205719E0,9.787821334E0
3.127814208E0,-2.659968567E-1,1.181044006E-1,9.777218170E0,9.781548861E0
3.137830208E0,-2.688409424E-1,1.161584473E-1,9.789792023E0,9.794171536E0
3.147845208E0,-2.761756897E-1,1.237925720E-1,9.791438599E0,9.796114916E0
3.157861208E0,-2.830613708E-1,1.206491089E-1,9.782906342E0,9.787744195E0
3.167877208E0,-2.748284912E-1,1.206491089E-1,9.787097626E0,9.791698874E0
3.177892208E0,-2.674937439E-1,1.202000427E-1,9.788594513E0,9.792986444E0
3.187908208E0,-2.633024597E-1,1.225950623E-1,9.780810699E0,9.785122159E0
3.197923208E0,-2.760260010E-1,1.219963074E-1,9.784403229E0,9.789056134E0
3.207939208E0,-2.679428101E-1,1.152603149E-1,9.786648560E0,9.790994246E0
3.217954208E0,-2.692900085E-1,1.233435059E-1,9.787846069E0,9.792326659E0
3.227970208E0,-2.682421875E-1,1.193019104E-1,9.772278442E0,9.776687208E0
3.237985208E0,-2.631527710E-1,1.227447510E-1,9.787846069E0,9.792152283E0
3.248001208E0,-2.710862732E-1,1.101708984E-1,9.780211945E0,9.784588447E0
3.258016208E0,-2.773731995E-1,1.131646729E-1,9.779164124E0,9.783751483E0
3.268032208E0,-2.764750671E-1,1.188528442E-1,9.788744202E0,9.793369058E0
3.278047208E0,-2.755769348E-1,1.206491089E-1,9.791887665E0,9.796507689E0
3.288063208E0,-2.706372070E-1,1.139131165E-1,9.785001984E0,9.789406750E0
3.298079208E0,-2.691403198E-1,1.133143616E-1,9.784552917E0,9.788909666E0
3.308094208E0,-2.716850281E-1,1.166075134E-1,9.769883423E0,9.774355844E0
3.318110208E0,-2.754272461E-1,1.155596924E-1,9.777667236E0,9.782228314E0
3.328125208E0,-2.799179077E-1,1.157093811E-1,9.785001984E0,9.789688785E0
3.338141208E0,-2.743794250E-1,1.196012878E-1,9.788295135E0,9.792870376E0
3.348156208E0,-2.730322266E-1,1.145118713E-1,9.778864746E0,9.783345813E0
3.358172208E0,-2.739303589E-1,1.179547119E-1,9.785001984E0,9.789546209E0
3.368187208E0,-2.725831604E-1,1.146615601E-1,9.780211945E0,9.784681627E0
3.378203208E0,-2.751278687E-1,1.163081360E-1,9.785451050E0,9.790008947E0
3.388218208E0,-2.739303589E-1,1.194515991E-1,9.791887665E0,9.796446834E0
3.398234208E0,-2.694396973E-1,1.190025330E-1,9.780062256E0,9.784496772E0
3.408249208E0,-2.709365845E-1,1.213975525E-1,9.783355408E0,9.787859165E0
3.418265208E0,-2.731819153E-1,1.146615601E-1,9.784852295E0,9.789336549E0
3.428280208E0,-2.763253784E-1,1.121168518E-1,9.783056030E0,9.787599869E0
3.438296208E0,-2.772235107E-1,1.170565796E-1,9.792935486E0,9.797557887E0
3.448312208E0,-2.682421875E-1,1.143621826E-1,9.786199493E0,9.790543044E0
3.458326625E0,-2.734812927E-1,1.152603149E-1,9.783355408E0,9.787855740E0
3.468342625E0,-2.700384521E-1,1.157093811E-1,9.783355408E0,9.787765448E0
3.478357625E0,-2.636018372E-1,1.169068909E-1,9.787097626E0,9.791344805E0
3.488373625E0,-2.749781799E-1,1.128652954E-1,9.787397003E0,9.791909501E0
3.498388625E0,-2.688409424E-1,1.246907043E-1,9.790390778E0,9.794874925E0
3.508404625E0,-2.731819153E-1,1.212478638E-1,9.780661011E0,9.785226579E0
3.518419625E0,-2.767744446E-1,1.164578247E-1,9.787097626E0,9.791702939E0
3.528435625E0,-2.724334717E-1,1.098715210E-1,9.786199493E0,9.790607350E0
3.538450625E0,-2.728825378E-1,1.172062683E-1,9.790241089E0,9.794744650E0
3.548466625E0,-2.779719543E-1,1.107696533E-1,9.780960388E0,9.785536492E0
3.558481625E0,-2.793191528E-1,1.152603149E-1,9.781858521E0,9.786524421E0
3.568497625E0,-2.704875183E-1,1.206491089E-1,9.785151672E0,9.789632933E0
3.578513625E0,-2.659968567E-1,1.139131165E-1,9.774823151E0,9.779105182E0
3.588528625E0,-2.710862732E-1,1.160087585E-1,9.790989532E0,9.795428619E0
3.598544625E0,-2.718347168E-1,1.188528442E-1,9.789193268E0,9.793688016E0
3.608559625E0,-2.709365845E-1,1.237925720E-1,9.783056030E0,9.787589924E0
3.618575625E0,-2.736309814E-1,1.116677856E-1,9.779014435E0,9.783479285E0
3.628590625E0,-2.746788025E-1,1.200503540E-1,9.785451050E0,9.790041511E0
3.638606625E0,-2.653981018E-1,1.252894592E-1,9.789941711E0,9.794339810E0
3.648621625E0,-2.688409424E-1,1.199006653E-1,9.775272217E0,9.779703397E0
3.658637625E0,-2.706372070E-1,1.133143616E-1,9.779014435E0,9.783414944E0
3.668652625E0,-2.754272461E-1,1.197509766E-1,9.783954163E0,9.788562689E0
3.678668625E0,-2.809657288E-1,1.181044006E-1,9.777667236E0,9.782416214E0
3.688683625E0,-2.758763123E-1,1.166075134E-1,9.779613190E0,9.784198444E0
3.698699625E0,-2.763253784E-1,1.100212097E-1,9.782756653E0,9.787276849E0
3.708715625E0,-2.686912537E-1,1.158590698E-1,9.787846069E0,9.792218798E0
3.718730625E0,-2.794688416E-1,1.194515991E-1,9.786498871E0,9.791217068E0
3.728746625E0,-2.833607483E-1,1.167572021E-1,9.775721283E0,9.780524125E0
3.738761625E0,-2.740800476E-1,1.119671631E-1,9.792785797E0,9.797260341E0
3.748777625E0,-2.754272461E-1,1.137634277E-1,9.782606964E0,9.787144696E0
3.758792625E0,-2.734812927E-1,1.181044006E-1,9.774074707E0,9.778613248E0
3.768808625E0,-2.716850281E-1,1.248403931E-1,9.780211945E0,9.784781222E0
3.778823625E0,-2.751278687E-1,1.118174744E-1,9.782756653E0,9.787263469E0
3.788839625E0,-2.646496582E-1,1.176553345E-1,9.790390778E0,9.794673746E0
3.798854625E0,-2.712359619E-1,1.222956848E-1,9.791887665E0,9.796406955E0
3.808870625E0,-2.734812927E-1,1.073268127E-1,9.782008209E0,9.786418940E0
3.818885625E0,-2.764750671E-1,1.239422607E-1,9.783056030E0,9.787746699E0
3.828901625E0,-2.769241333E-1,1.187031555E-1,9.787696381E0,9.792332605E0
3.838916625E0,-2.749781799E-1,1.149609375E-1,9.784253540E0,9.788791874E0
3.848932625E0,-2.752775574E-1,1.122665405E-1,9.788594513E0,9.793107987E0
3.858948625E0,-2.692900085E-1,1.181044006E-1,9.781409454E0,9.785828359E0
3.868963625E0,-2.655477905E-1,1.197509766E-1,9.781409454E0,9.785746105E0
3.878979625E0,-2.715353394E-1,1.163081360E-1,9.776469727E0,9.780931415E0
3.888994625E0,-2.688409424E-1,1.212478638E-1,9.781708832E0,9.786153696E0
3.899010625E0,-2.730322266E-1,1.133143616E-1,9.778415680E0,9.782883008E0
3.909025625E0,-2.772235107E-1,1.121168518E-1,9.774972839E0,9.779545852E0
3.919041625E0,-2.694396973E-1,1.178050232E-1,9.787247314E0,9.791664096E0
3.929056625E0,-2.718347168E-1,1.193019104E-1,9.775721283E0,9.780227690E0
3.939072625E0,-2.779719543E-1,1.212478638E-1,9.778265991E0,9.782967609E0
3.949087625E0,-2.725831604E-1,1.248403931E-1,9.784103851E0,9.788696281E0
3.959103625E0,-2.751278687E-1,1.131646729E-1,9.786199493E0,9.790720204E0
3.969118625E0,-2.761756897E-1,1.207987976E-1,9.782157898E0,9.786801240E0
3.979134625E0,-2.679428101E-1,1.128652954E-1,9.782157898E0,9.786477664E0
3.989149625E0,-2.736309814E-1,1.080752563E-1,9.783056030E0,9.787478708E0
3.999165625E0,-2.757266235E-1,1.164578247E-1,9.785151672E0,9.789728334E0
4.009181625E0,-2.778222656E-1,1.103205872E-1,9.776320038E0,9.780888984E0
4.019196625E0,-2.788700867E-1,1.203497314E-1,9.770931244E0,9.775650871E0
4.029212625E0,-2.787203979E-1,1.228944397E-1,9.774823151E0,9.779568279E0
4.039227625E0,-2.764750671E-1,1.137634277E-1,9.769733734E0,9.774307025E0
4.049243625E0,-2.778222656E-1,1.158590698E-1,9.782457275E0,9.787087354E0
4.059258625E0,-2.697390747E-1,1.184037781E-1,9.784702606E0,9.789136005E0
4.069274625E0,-2.668949890E-1,1.160087585E-1,9.781409454E0,9.785737677E0
4.079289625E0,-2.740800476E-1,1.191522217E-1,9.774074707E0,9.778642723E0
4.089305625E0,-2.766247559E-1,1.125659180E-1,9.783654785E0,9.788211956E0
4.099320625E0,-2.713856506E-1,1.324745178E-1,9.777068481E0,9.781731327E0
4.109336625E0,-2.746788025E-1,1.209484863E-1,9.777218170E0,9.781823558E0
4.119351625E0,-2.749781799E-1,1.110690308E-1,9.779613190E0,9.784108721E0
4.129367625E0,-2.676434326E-1,1.272354126E-1,9.778265991E0,9.782755627E0
4.139382625E0,-2.728825378E-1,1.151106262E-1,9.776918793E0,9.781403601E0
4.149398625E0,-2.787203979E-1,1.151106262E-1,9.783056030E0,9.787702530E0
4.159413625E0,-2.725831604E-1,1.188528442E-1,9.787247314E0,9.791763762E0
4.169429625E0,-2.743794250E-1,1.155596924E-1,9.781858521E0,9.786388212E0
4.179444625E0,-2.746788025E-1,1.160087585E-1,9.782307587E0,9.786850780E0
4.189460625E0,-2.724334717E-1,1.203497314E-1,9.777068481E0,9.781603761E0
4.199476625E0,-2.821632385E-1,1.200503540E-1,9.778415680E0,9.783222444E0
4.209491625E0,-2.770738220E-1,1.219963074E-1,9.778116302E0,9.782801819E0
4.219507625E0,-2.739303589E-1,1.216969299E-1,9.783954163E0,9.788544684E0
4.229522625E0,-2.677931213E-1,1.182540894E-1,9.794432373E0,9.798806187E0
4.239538625E0,-2.716850281E-1,1.199006653E-1,9.792785797E0,9.797287512E0
4.249553625E0,-2.737806702E-1,1.187031555E-1,9.796827393E0,9.801370989E0
4.259569625E0,-2.739303589E-1,1.188528442E-1,9.788594513E0,9.793147930E0
4.269584625E0,-2.698887634E-1,1.182540894E-1,9.777816925E0,9.782255762E0
4.279600625E0,-2.730322266E-1,1.191522217E-1,9.789492645E0,9.794024204E0
4.289615625E0,-2.764750671E-1,1.103205872E-1,9.776020660E0,9.780551572E0
4.299631625E0,-2.719844055E-1,1.152603149E-1,9.787696381E0,9.792153027E0
4.309646625E0,-2.806663513E-1,1.175056458E-1,9.784702606E0,9.789432377E0
4.319662625E0,-2.721340942E-1,1.112187195E-1,9.783056030E0,9.787472190E0
4.329677625E0,-2.739303589E-1,1.145118713E-1,9.787846069E0,9.792348109E0
4.339693625E0,-2.782713318E-1,1.215472412E-1,9.782157898E0,9.786869868E0
4.349708625E0,-2.692900085E-1,1.137634277E-1,9.784702606E0,9.789068613E0
4.359724625E0,-2.742297363E-1,1.167572021E-1,9.785600739E0,9.790138712E0
4.369740625E0,-2.772235107E-1,1.158590698E-1,9.779463501E0,9.784078013E0
4.379755625E0,-2.746788025E-1,1.142124939E-1,9.782606964E0,9.787128892E0
4.389771625E0,-2.721340942E-1,1.142124939E-1,9.786199493E0,9.790648701E0
4.399786625E0,-2.713856506E-1,1.151106262E-1,9.775571594E0,9.780015369E0
4.409802625E0,-2.749781799E-1,1.131646729E-1,9.777218170E0,9.781738822E0
4.419817625E0,-2.775228882E-1,1.184037781E-1,9.787247314E0,9.791897079E0
4.429833625E0,-2.730322266E-1,1.146615601E-1,9.788594513E0,9.793072879E0
4.439848625E0,-2.733316040E-1,1.148112488E-1,9.792486420E0,9.796973107E0
4.449864625E0,-2.700384521E-1,1.181044006E-1,9.779912567E0,9.784352776E0
4.459883500E0,-2.802172852E-1,1.215472412E-1,9.771230621E0,9.776003443E0
4.469899500E0,-2.731819153E-1,1.160087585E-1,9.787696381E0,9.792195200E0
4.479914500E0,-2.670446777E-1,1.182540894E-1,9.791737976E0,9.796092562E0
4.489930500E0,-2.749781799E-1,1.221459961E-1,9.782008209E0,9.786634623E0
4.499945500E0,-2.691403198E-1,1.103205872E-1,9.778565369E0,9.782890565E0
4.509961500E0,-2.745291138E-1,1.143621826E-1,9.786349182E0,9.790866931E0
4.519976500E0,-2.733316040E-1,1.158590698E-1,9.783056030E0,9.787559388E0
4.529992500E0,-2.655477905E-1,1.218466187E-1,9.786049805E0,9.790410257E0
4.540008500E0,-2.698887634E-1,1.284329224E-1,9.780810699E0,9.785376482E0
4.550023500E0,-2.745291138E-1,1.196012878E-1,9.778415680E0,9.782999740E0
4.560039500E0,-2.730322266E-1,1.164578247E-1,9.783505096E0,9.788006998E0
4.570054500E0,-2.718347168E-1,1.121168518E-1,9.787546692E0,9.791962753E0
4.580070500E0,-2.770738220E-1,1.179547119E-1,9.793384552E0,9.798013278E0
4.590085500E0,-2.743794250E-1,1.091230774E-1,9.780661011E0,9.785117359E0
4.600101500E0,-2.779719543E-1,1.124162292E-1,9.774074707E0,9.778672824E0
4.610116500E0,-2.689906311E-1,1.167572021E-1,9.788444824E0,9.792836171E0
4.620132500E0,-2.727328491E-1,1.209484863E-1,9.784403229E0,9.788950827E0
4.630147500E0,-2.697390747E-1,1.107696533E-1,9.783355408E0,9.787700042E0
4.640163500E0,-2.724334717E-1,1.121168518E-1,9.784103851E0,9.788538111E0
4.650178500E0,-2.694396973E-1,1.230441284E-1,9.788295135E0,9.792775871E0
4.660194500E0,-2.715353394E-1,1.236428833E-1,9.781110077E0,9.785659576E0
4.670209500E0,-2.799179077E-1,1.166075134E-1,9.791588287E0,9.796282588E0
4.680225500E0,-2.746788025E-1,1.070274353E-1,9.783505096E0,9.787945407E0
4.690240500E0,-2.706372070E-1,1.143621826E-1,9.782756653E0,9.787167667E0
4.700256500E0,-2.700384521E-1,1.140628052E-1,9.788893890E0,9.793282120E0
4.710271500E0,-2.758763123E-1,1.233435059E-1,9.783205719E0,9.787871858E0
4.720287500E0,-2.769241333E-1,1.179547119E-1,9.779164124E0,9.783795339E0
4.730303500E0,-2.703378296E-1,1.167572021E-1,9.783804474E0,9.788235018E0
4.740318500E0,-2.712359619E-1,1.225950623E-1,9.788744202E0,9.793268685E0
4.750334500E0,-2.788700867E-1,1.161584473E-1,9.781559143E0,9.786222999E0
4.760349500E0,-2.713856506E-1,1.199006653E-1,9.788594513E0,9.793089854E0
4.770365500E0,-2.700384521E-1,1.199006653E-1,9.779762878E0,9.784225002E0
4.780380500E0,-2.725831604E-1,1.145118713E-1,9.780361633E0,9.784829494E0
4.790396500E0,-2.698887634E-1,1.175056458E-1,9.783355408E0,9.787782719E0
4.800411500E0,-2.668949890E-1,1.146615601E-1,9.787397003E0,9.791706711E0
4.810427500E0,-2.715353394E-1,1.140628052E-1,9.765991516E0,9.770431518E0
4.820442500E0,-2.683918762E-1,1.188528442E-1,9.780511322E0,9.784915018E0
4.830458500E0,-2.776725769E-1,1.190025330E-1,9.780211945E0,9.784876563E0
4.840473500E0,-2.727328491E-1,1.175056458E-1,9.794731750E0,9.799232666E0
4.850489500E0,-2.701881409E-1,1.210981750E-1,9.789043579E0,9.793520337E0
4.860504500E0,-2.737806702E-1,1.158590698E-1,9.784253540E0,9.788768897E0
4.870520500E0,-2.761756897E-1,1.193019104E-1,9.784253540E0,9.788877530E0
4.880535500E0,-2.776725769E-1,1.173559570E-1,9.793384552E0,9.798023039E0
4.890551500E0,-2.781216431E-1,1.094224548E-1,9.783205719E0,9.787769872E0
4.900566500E0,-2.797682190E-1,1.202000427E-1,9.783654785E0,9.788392067E0
4.910582500E0,-2.680924988E-1,1.125659180E-1,9.780661011E0,9.784982089E0
4.920597500E0,-2.683918762E-1,1.191522217E-1,9.785750427E0,9.790155406E0
4.930613500E0,-2.661465454E-1,1.106199646E-1,9.781409454E0,9.785654892E0
4.940629500E0,-2.655477905E-1,1.197509766E-1,9.782157898E0,9.786494217E0
4.950644500E0,-2.703378296E-1,1.139131165E-1,9.780960388E0,9.785358698E0
4.960660500E0,-2.716850281E-1,1.124162292E-1,9.782157898E0,9.786575668E0
4.970675500E0,-2.790197754E-1,1.175056458E-1,9.786947937E0,9.791629565E0
4.980691500E0,-2.778222656E-1,1.175056458E-1,9.788295135E0,9.792942073E0
4.990706500E0,-2.656974792E-1,1.249900818E-1,9.792037354E0,9.796438802E0
5.000722500E0,-2.683918762E-1,1.173559570E-1,9.783954163E0,9.788338249E0
5.010737500E0,-2.791694641E-1,1.204994202E-1,9.778265991E0,9.782992461E0
5.020753500E0,-2.689906311E-1,1.142124939E-1,9.781259766E0,9.785624306E0
5.030768500E0,-2.642005920E-1,1.182540894E-1,9.777517548E0,9.781801234E0
5.040784500E0,-2.788700867E-1,1.222956848E-1,9.786199493E0,9.790935874E0
5.050799500E0,-2.757266235E-1,1.124162292E-1,9.781708832E0,9.786239842E0
5.060815500E0,-2.766247559E-1,1.193019104E-1,9.785750427E0,9.790386388E0
5.070830500E0,-2.743794250E-1,1.234931946E-1,9.786049805E0,9.790674411E0
5.080846500E0,-2.793191528E-1,1.194515991E-1,9.776469727E0,9.781188485E0
5.090861500E0,-2.646496582E-1,1.203497314E-1,9.778116302E0,9.782437422E0
5.100877500E0,-2.636018372E-1,1.236428833E-1,9.783804474E0,9.788135853E0
5.110892500E0,-2.697390747E-1,1.103205872E-1,9.781409454E0,9.785749880E0
5.120908500E0,-2.734812927E-1,1.254391479E-1,9.771679688E0,9.776310700E0
5.130924500E0,-2.703378296E-1,1.200503540E-1,9.776469727E0,9.780943459E0
5.140939500E0,-2.683918762E-1,1.154100037E-1,9.772727509E0,9.777093465E0
5.150955500E0,-2.686912537E-1,1.149609375E-1,9.777367859E0,9.781734675E0
5.160970500E0,-2.788700867E-1,1.248403931E-1,9.771679688E0,9.776455266E0
5.170986500E0,-2.728825378E-1,1.173559570E-1,9.777816925E0,9.782328001E0
5.181001500E0,-2.715353394E-1,1.240919495E-1,9.783355408E0,9.787909546E0
5.191017500E0,-2.727328491E-1,1.158590698E-1,9.776320038E0,9.780809783E0
5.201032500E0,-2.754272461E-1,1.176553345E-1,9.788444824E0,9.793025836E0
5.211048500E0,-2.767744446E-1,1.154100037E-1,9.782606964E0,9.787201979E0
5.221063500E0,-2.751278687E-1,1.204994202E-1,9.777218170E0,9.781830637E0
5.231079500E0,-2.745291138E-1,1.167572021E-1,9.783804474E0,9.788351672E0
5.241094500E0,-2.806663513E-1,1.172062683E-1,9.790540466E0,9.795263832E0
5.251110500E0,-2.668949890E-1,1.206491089E-1,9.781708832E0,9.786093031E0
5.261125500E0,-2.766247559E-1,1.172062683E-1,9.788145447E0,9.792754967E0
5.271141500E0,-2.757266235E-1,1.145118713E-1,9.787397003E0,9.791949665E0
5.281156500E0,-2.707868958E-1,1.207987976E-1,9.784852295E0,9.789343815E0
5.291172500E0,-2.682421875E-1,1.194515991E-1,9.780960388E0,9.785367069E0
5.301187500E0,-2.728825378E-1,1.182540894E-1,9.780960388E0,9.785480827E0
5.311203500E0,-2.743794250E-1,1.181044006E-1,9.787546692E0,9.792104113E0
5.321218500E0,-2.701881409E-1,1.179547119E-1,9.779613190E0,9.784055861E0
5.331234500E0,-2.721340942E-1,1.136137390E-1,9.787696381E0,9.792137943E0
5.341249500E0,-2.691403198E-1,1.136137390E-1,9.776619415E0,9.780983171E0
5.351265500E0,-2.715353394E-1,1.145118713E-1,9.783355408E0,9.787792777E0
5.361280500E0,-2.698887634E-1,1.107696533E-1,9.771380310E0,9.775734398E0
5.371296500E0,-2.734812927E-1,1.202000427E-1,9.784852295E0,9.789411346E0
5.381312500E0,-2.793191528E-1,1.219963074E-1,9.786049805E0,9.790795324E0
5.391327500E0,-2.755769348E-1,1.137634277E-1,9.786798248E0,9.791338250E0
5.401343500E0,-2.778222656E-1,1.080752563E-1,9.785301361E0,9.789841071E0
5.411358500E0,-2.731819153E-1,1.227447510E-1,9.779164124E0,9.783749056E0
5.421374500E0,-2.757266235E-1,1.196012878E-1,9.792037354E0,9.796648670E0
5.431389500E0,-2.782713318E-1,1.181044006E-1,9.785301361E0,9.789969679E0
5.441405500E0,-2.727328491E-1,1.224453735E-1,9.785600739E0,9.790166387E0
5.451420500E0,-2.764750671E-1,1.187031555E-1,9.773625641E0,9.778255830E0
5.461433083E0,-2.758763123E-1,1.264869690E-1,9.782307587E0,9.787014275E0
5.471448083E0,-2.788700867E-1,1.113684082E-1,9.782756653E0,9.787364261E0
5.481464083E0,-2.709365845E-1,1.127156067E-1,9.777367859E0,9.781770478E0
5.491479083E0,-2.745291138E-1,1.137634277E-1,9.796378326E0,9.800884484E0
5.501495083E0,-2.781216431E-1,1.203497314E-1,9.788744202E0,9.793433961E0
5.511510083E0,-2.778222656E-1,1.252894592E-1,9.785750427E0,9.790495089E0
5.521526083E0,-2.710862732E-1,1.194515991E-1,9.780361633E0,9.784846965E0
5.531541083E0,-2.709365845E-1,1.136137390E-1,9.788444824E0,9.792852842E0
5.541557083E0,-2.616558838E-1,1.191522217E-1,9.787247314E0,9.791469300E0
5.551572083E0,-2.751278687E-1,1.188528442E-1,9.781559143E0,9.786149427E0
5.561588083E0,-2.752775574E-1,1.089733887E-1,9.788145447E0,9.792621928E0
5.571603083E0,-2.694396973E-1,1.134640503E-1,9.783355408E0,9.787722660E0
5.581619083E0,-2.737806702E-1,1.204994202E-1,9.776320038E0,9.780895125E0
5.591634083E0,-2.818638611E-1,1.184037781E-1,9.779463501E0,9.784241057E0
5.601650083E0,-2.754272461E-1,1.251397705E-1,9.784253540E0,9.788929332E0
5.611665083E0,-2.803669739E-1,1.261875916E-1,9.780511322E0,9.785342644E0
5.621681083E0,-2.755769348E-1,1.146615601E-1,9.778116302E0,9.782670819E0
5.631697083E0,-2.761756897E-1,1.172062683E-1,9.781259766E0,9.785859846E0
5.641712083E0,-2.748284912E-1,1.251397705E-1,9.783056030E0,9.787715564E0
5.651728083E0,-2.757266235E-1,1.167572021E-1,9.794432373E0,9.799008262E0
5.661743083E0,-2.688409424E-1,1.210981750E-1,9.786349182E0,9.790790087E0
5.671759083E0,-2.679428101E-1,1.134640503E-1,9.779762878E0,9.784090627E0
5.681774083E0,-2.694396973E-1,1.216969299E-1,9.780511322E0,9.784978774E0
5.691790083E0,-2.743794250E-1,1.216969299E-1,9.781110077E0,9.785714514E0
5.701805083E0,-2.767744446E-1,1.202000427E-1,9.776619415E0,9.781274934E0
5.711821083E0,-2.719844055E-1,1.167572021E-1,9.779912567E0,9.784390506E0
5.721836083E0,-2.703378296E-1,1.194515991E-1,9.779463501E0,9.783928536E0
5.731852083E0,-2.716850281E-1,1.170565796E-1,9.777068481E0,9.781542981E0
5.741867083E0,-2.824626160E-1,1.178050232E-1,9.781259766E0,9.786046482E0
5.751883083E0,-2.770738220E-1,1.199006653E-1,9.783205719E0,9.787862903E0
5.761898083E0,-2.694396973E-1,1.115180969E-1,9.782606964E0,9.786952184E0
5.771914083E0,-2.788700867E-1,1.252894592E-1,9.793983307E0,9.798753747E0
5.781929083E0,-2.842588806E-1,1.245410156E-1,9.789642334E0,9.794560256E0
5.791945083E0,-2.758763123E-1,1.181044006E-1,9.785600739E0,9.790201132E0
5.801960083E0,-2.716850281E-1,1.148112488E-1,9.783355408E0,9.787800438E0
5.811976083E0,-2.724334717E-1,1.148112488E-1,9.787247314E0,9.791711373E0
5.821991083E0,-2.742297363E-1,1.113684082E-1,9.787097626E0,9.791572131E0
5.832007083E0,-2.790197754E-1,1.216969299E-1,9.778265991E0,9.783003014E0
5.842022083E0,-2.894979858E-1,1.152603149E-1,9.783954163E0,9.788914806E0
5.852038083E0,-2.600093079E-1,1.237925720E-1,9.774074707E0,9.778316103E0
5.862053083E0,-2.749781799E-1,1.157093811E-1,9.789941711E0,9.794486223E0
5.872069083E0,-2.715353394E-1,1.104702759E-1,9.782157898E0,9.786549354E0
5.882085083E0,-2.674937439E-1,1.160087585E-1,9.779014435E0,9.783360070E0
5.892100083E0,-2.734812927E-1,1.173559570E-1,9.787846069E0,9.792369229E0
5.902116083E0,-2.751278687E-1,1.176553345E-1,9.776619415E0,9.781197540E0
5.912131083E0,-2.719844055E-1,1.199006653E-1,9.783205719E0,9.787720155E0
5.922147083E0,-2.755769348E-1,1.151106262E-1,9.784403229E0,9.788960090E0
5.932162083E0,-2.703378296E-1,1.053808594E-1,9.788744202E0,9.793043486E0
5.942178083E0,-2.722837830E-1,1.216969299E-1,9.786648560E0,9.791191890E0
5.952193083E0,-2.710862732E-1,1.246907043E-1,9.785151672E0,9.789700138E0
5.962209083E0,-2.775228882E-1,1.128652954E-1,9.770332489E0,9.774924781E0
5.972224083E0,-2.716850281E-1,1.163081360E-1,9.777367859E0,9.781833294E0
5.982240083E0,-2.712359619E-1,1.285826111E-1,9.786049805E0,9.790652339E0
5.992255083E0,-2.755769348E-1,1.112187195E-1,9.786199493E0,9.790710535E0
6.002271083E0,-2.730322266E-1,1.127156067E-1,9.782606964E0,9.787065465E0
6.012286083E0,-2.791694641E-1,1.194515991E-1,9.777068481E0,9.781782678E0
6.022302083E0,-2.725831604E-1,1.182540894E-1,9.780810699E0,9.785322864E0
6.032317083E0,-2.736309814E-1,1.233435059E-1,9.774972839E0,9.779579825E0
6.042333083E0,-2.722837830E-1,1.160087585E-1,9.776469727E0,9.780948666E0
6.052348083E0,-2.725831604E-1,1.121168518E-1,9.775870972E0,9.780313135E0
6.062364083E0,-2.683918762E-1,1.121168518E-1,9.787696381E0,9.792017403E0
6.072379083E0,-2.767744446E-1,1.118174744E-1,9.790390778E0,9.794940470E0
6.082395083E0,-2.739303589E-1,1.142124939E-1,9.789642334E0,9.794140052E0
6.092410083E0,-2.754272461E-1,1.219963074E-1,9.791288910E0,9.795921691E0
6.102426083E0,-2.698887634E-1,1.197509766E-1,9.779313812E0,9.783770177E0
6.112441083E0,-2.716850281E-1,1.169068909E-1,9.777367859E0,9.781840431E0
6.122457083E0,-2.734812927E-1,1.236428833E-1,9.771979065E0,9.776587054E0
6.132472083E0,-2.718347168E-1,1.172062683E-1,9.778864746E0,9.783344374E0
6.142488083E0,-2.776725769E-1,1.145118713E-1,9.779014435E0,9.783626033E0
6.152503083E0,-2.728825378E-1,1.179547119E-1,9.779164124E0,9.783681779E0
6.162519083E0,-2.698887634E-1,1.097218323E-1,9.783505096E0,9.787841989E0
6.172534083E0,-2.709365845E-1,1.088237000E-1,9.783804474E0,9.788160155E0
6.182550083E0,-2.715353394E-1,1.133143616E-1,9.780511322E0,9.784936040E0
6.192566083E0,-2.725831604E-1,1.182540894E-1,9.782606964E0,9.787118300E0
6.202581083E0,-2.748284912E-1,1.194515991E-1,9.786648560E0,9.791235336E0
6.212597083E0,-2.740800476E-1,1.179547119E-1,9.784403229E0,9.788951922E0
6.222612083E0,-2.686912537E-1,1.194515991E-1,9.792636108E0,9.797049843E0
6.232628083E0,-2.665956116E-1,1.152603149E-1,9.789492645E0,9.793800305E0
6.242643083E0,-2.697390747E-1,1.261875916E-1,9.786648560E0,9.791178300E0
6.252659083E0,-2.701881409E-1,1.200503540E-1,9.784103851E0,9.788569962E0
6.262674083E0,-2.695893860E-1,1.088237000E-1,9.777218170E0,9.781539561E0
6.272690083E0,-2.742297363E-1,1.127156067E-1,9.785451050E0,9.789941726E0
6.282705083E0,-2.721340942E-1,1.128652954E-1,9.785451050E0,9.789884973E0
6.292721083E0,-2.743794250E-1,1.169068909E-1,9.780361633E0,9.784908020E0
6.302736083E0,-2.703378296E-1,1.243913269E-1,9.777816925E0,9.782344278E0
6.312752083E0,-2.686912537E-1,1.222956848E-1,9.787696381E0,9.792147449E0
6.322767083E0,-2.671943665E-1,1.199006653E-1,9.791288910E0,9.795667793E0
6.332783083E0,-2.704875183E-1,1.181044006E-1,9.796228638E0,9.800673837E0
6.342798083E0,-2.725831604E-1,1.246907043E-1,9.776619415E0,9.781213449E0
6.352814083E0,-2.727328491E-1,1.179547119E-1,9.774673462E0,9.779189016E0
6.362829083E0,-2.751278687E-1,1.139131165E-1,9.787097626E0,9.791626600E0
6.372845083E0,-2.710862732E-1,1.191522217E-1,9.778864746E0,9.783347113E0
6.382860083E0,-2.787203979E-1,1.136137390E-1,9.780511322E0,9.785141535E0
6.392876083E0,-2.767744446E-1,1.119671631E-1,9.784552917E0,9.789107035E0
6.402891083E0,-2.760260010E-1,1.106199646E-1,9.772128754E0,9.776652163E0
6.412907083E0,-2.719844055E-1,1.128652954E-1,9.780361633E0,9.784793701E0
6.422922083E0,-2.662962341E-1,1.161584473E-1,9.780361633E0,9.784675781E0
6.432938083E0,-2.734812927E-1,1.169068909E-1,9.776769104E0,9.781292008E0
6.442953083E0,-2.692900085E-1,1.127156067E-1,9.780661011E0,9.785016695E0
6.452969083E0,-2.713856506E-1,1.169068909E-1,9.778864746E0,9.783328325E0
6.462984333E0,-2.782713318E-1,1.151106262E-1,9.785151672E0,9.789784402E0
6.473000333E0,-2.797682190E-1,1.176553345E-1,9.791887665E0,9.796590074E0
6.483015333E0,-2.653981018E-1,1.161584473E-1,9.780960388E0,9.785249872E0
6.493031333E0,-2.727328491E-1,1.077758789E-1,9.783654785E0,9.788048825E0
6.503046333E0,-2.749781799E-1,1.146615601E-1,9.778715057E0,9.783252447E0
6.513062333E0,-2.751278687E-1,1.167572021E-1,9.775421906E0,9.779989827E0
6.523078333E0,-2.700384521E-1,1.106199646E-1,9.779762878E0,9.784115673E0
6.533093333E0,-2.766247559E-1,1.166075134E-1,9.782307587E0,9.786912705E0
6.543109333E0,-2.734812927E-1,1.184037781E-1,9.788744202E0,9.793279559E0
6.553124333E0,-2.692900085E-1,1.222956848E-1,9.783954163E0,9.788423387E0
6.563140333E0,-2.742297363E-1,1.181044006E-1,9.790390778E0,9.794942684E0
6.573155333E0,-2.785707092E-1,1.136137390E-1,9.782008209E0,9.786633452E0
6.583171333E0,-2.829116821E-1,1.206491089E-1,9.784702606E0,9.789535245E0
6.593186333E0,-2.719844055E-1,1.246907043E-1,9.785750427E0,9.790323524E0
6.603202333E0,-2.709365845E-1,1.182540894E-1,9.789642334E0,9.794104742E0
6.613217333E0,-2.772235107E-1,1.146615601E-1,9.787247314E0,9.791844062E0
6.623233333E0,-2.752775574E-1,1.212478638E-1,9.772128754E0,9.776757088E0
6.633248333E0,-2.725831604E-1,1.202000427E-1,9.780511322E0,9.785047335E0
6.643264333E0,-2.755769348E-1,1.149609375E-1,9.780211945E0,9.784768998E0
6.653279333E0,-2.701881409E-1,1.142124939E-1,9.781858521E0,9.786255782E0
6.663295333E0,-2.624043274E-1,1.206491089E-1,9.779463501E0,9.783727235E0
6.673310333E0,-2.722837830E-1,1.197509766E-1,9.774673462E0,9.779198333E0
6.683326333E0,-2.784210205E-1,1.194515991E-1,9.782157898E0,9.786848323E0
6.693341333E0,-2.709365845E-1,1.152603149E-1,9.786947937E0,9.791375873E0
6.703357333E0,-2.748284912E-1,1.221459961E-1,9.785001984E0,9.789622779E0
6.713372333E0,-2.752775574E-1,1.140628052E-1,9.790839844E0,9.795373035E0
6.723388333E0,-2.719844055E-1,1.209484863E-1,9.790690155E0,9.795214023E0
6.733403333E0,-2.716850281E-1,1.203497314E-1,9.779463501E0,9.783976859E0
6.743419333E0,-2.713856506E-1,1.134640503E-1,9.784103851E0,9.788524528E0
6.753434333E0,-2.746788025E-1,1.152603149E-1,9.785600739E0,9.790133564E0
6.763450333E0,-2.760260010E-1,1.176553345E-1,9.781409454E0,9.786010630E0
6.773465333E0,-2.733316040E-1,1.164578247E-1,9.778715057E0,9.783227523E0
6.783481333E0,-2.751278687E-1,1.115180969E-1,9.788145447E0,9.792646369E0
6.793496333E0,-2.691403198E-1,1.215472412E-1,9.782606964E0,9.787063362E0
6.803512333E0,-2.692900085E-1,1.206491089E-1,9.778415680E0,9.782866989E0
6.813527333E0,-2.719844055E-1,1.173559570E-1,9.778864746E0,9.783350329E0
6.823543333E0,-2.764750671E-1,1.173559570E-1,9.784403229E0,9.789012076E0
6.833558333E0,-2.715353394E-1,1.139131165E-1,9.789492645E0,9.793920251E0
6.843574333E0,-2.695893860E-1,1.210981750E-1,9.794432373E0,9.798890178E0
6.853589333E0,-2.769241333E-1,1.251397705E-1,9.787846069E0,9.792562362E0
6.863605333E0,-2.719844055E-1,1.142124939E-1,9.780211945E0,9.784659713E0
6.873620333E0,-2.685415649E-1,1.157093811E-1,9.779613190E0,9.783983717E0
6.883636333E0,-2.710862732E-1,1.225950623E-1,9.787846069E0,9.792366823E0
6.893652333E0,-2.806663513E-1,1.187031555E-1,9.781110077E0,9.785856037E0
6.903667333E0,-2.695893860E-1,1.106199646E-1,9.778116302E0,9.782457444E0
6.913683333E0,-2.725831604E-1,1.077758789E-1,9.785151672E0,9.789540871E0
6.923698333E0,-2.769241333E-1,1.181044006E-1,9.783954163E0,9.788584917E0
6.933714333E0,-2.785707092E-1,1.179547119E-1,9.781259766E0,9.785936724E0
6.943729333E0,-2.772235107E-1,1.134640503E-1,9.779463501E0,9.784049945E0
6.953745333E0,-2.713856506E-1,1.121168518E-1,9.784702606E0,9.789107490E0
6.963760333E0,-2.662962341E-1,1.161584473E-1,9.785301361E0,9.789613332E0
6.973776333E0,-2.794688416E-1,1.110690308E-1,9.785301361E0,9.789921445E0
6.983791333E0,-2.781216431E-1,1.184037781E-1,9.783056030E0,9.787724781E0
6.993807333E0,-2.701881409E-1,1.249900818E-1,9.777667236E0,9.782198155E0
7.003822333E0,-2.767744446E-1,1.149609375E-1,9.776320038E0,9.780912718E0
7.013838333E0,-2.766247559E-1,1.109193420E-1,9.779014435E0,9.783554961E0
7.023853333E0,-2.794688416E-1,1.172062683E-1,9.789642334E0,9.794331890E0
7.033869333E0,-2.757266235E-1,1.251397705E-1,9.783505096E0,9.788189675E0
7.043884333E0,-2.784210205E-1,1.131646729E-1,9.774972839E0,9.779591940E0
7.053900333E0,-2.766247559E-1,1.266366577E-1,9.773326263E0,9.778060357E0
7.063915333E0,-2.763253784E-1,1.194515991E-1,9.770482178E0,9.775118740E0
7.073931333E0,-2.823129272E-1,1.182540894E-1,9.775721283E0,9.780511808E0
7.083946333E0,-2.775228882E-1,1.215472412E-1,9.788295135E0,9.792982914E0
7.093962333E0,-2.731819153E-1,1.130149841E-1,9.783654785E0,9.788120438E0
7.103977333E0,-2.730322266E-1,1.164578247E-1,9.787846069E0,9.792345975E0
7.113993333E0,-2.731819153E-1,1.252894592E-1,9.782606964E0,9.787222528E0
7.124008333E0,-2.796185303E-1,1.154100037E-1,9.774374084E0,9.779053877E0
7.134024333E0,-2.773731995E-1,1.152603149E-1,9.781409454E0,9.786020220E0
7.144039333E0,-2.734812927E-1,1.185534668E-1,9.769284668E0,9.773830870E0
7.154055333E0,-2.748284912E-1,1.219963074E-1,9.786947937E0,9.791565948E0
7.164070333E0,-2.784210205E-1,1.160087585E-1,9.780211945E0,9.784861878E0
7.174086333E0,-2.733316040E-1,1.136137390E-1,9.780211945E0,9.784690283E0
7.184101333E0,-2.736309814E-1,1.137634277E-1,9.780361633E0,9.784850010E0
7.194117333E0,-2.755769348E-1,1.151106262E-1,9.784702606E0,9.789259328E0
7.204132333E0,-2.713856506E-1,1.196012878E-1,9.787247314E0,9.791739612E0
7.214148333E0,-2.815644836E-1,1.163081360E-1,9.775272217E0,9.780018050E0
7.224163333E0,-2.778222656E-1,1.131646729E-1,9.780661011E0,9.785260408E0
7.234179333E0,-2.725831604E-1,1.197509766E-1,9.788145447E0,9.792672422E0
7.244194333E0,-2.731819153E-1,1.200503540E-1,9.791438599E0,9.795984396E0
7.254210333E0,-2.698887634E-1,1.182540894E-1,9.777816925E0,9.782255762E0
7.264225333E0,-2.713856506E-1,1.243913269E-1,9.784552917E0,9.789106148E0
7.274241333E0,-2.733316040E-1,1.166075134E-1,9.787846069E0,9.792356108E0
7.284256333E0,-2.719844055E-1,1.106199646E-1,9.789792023E0,9.794194206E0
7.294272333E0,-2.721340942E-1,1.163081360E-1,9.780661011E0,9.785137421E0
7.304287333E0,-2.778222656E-1,1.237925720E-1,9.782457275E0,9.787184486E0
7.314303333E0,-2.707868958E-1,1.196012878E-1,9.776170349E0,9.780651139E0
7.324319333E0,-2.700384521E-1,1.163081360E-1,9.788145447E0,9.792560423E0
7.334334333E0,-2.766247559E-1,1.134640503E-1,9.777218170E0,9.781788716E0
7.344350333E0,-2.787203979E-1,1.155596924E-1,9.783654785E0,9.788306292E0
7.354365333E0,-2.737806702E-1,1.143621826E-1,9.786798248E0,9.791294834E0
7.364381333E0,-2.757266235E-1,1.184037781E-1,9.790540466E0,9.795137939E0
7.374396333E0,-2.743794250E-1,1.225950623E-1,9.789941711E0,9.794553197E0
7.384412333E0,-2.791694641E-1,1.190025330E-1,9.794132996E0,9.798833519E0
7.394427333E0,-2.721340942E-1,1.172062683E-1,9.779613190E0,9.784100797E0
7.404443333E0,-2.685415649E-1,1.101708984E-1,9.785001984E0,9.789306207E0
7.414458333E0,-2.776725769E-1,1.261875916E-1,9.782457275E0,9.787210824E0
7.424474333E0,-2.746788025E-1,1.151106262E-1,9.790390778E0,9.794919626E0
7.434489333E0,-2.745291138E-1,1.170565796E-1,9.779164124E0,9.783717056E0
7.444505333E0,-2.680924988E-1,1.224453735E-1,9.775272217E0,9.779714381E0
7.454520333E0,-2.721340942E-1,1.161584473E-1,9.778864746E0,9.783340200E0
7.464535875E0,-2.706372070E-1,1.172062683E-1,9.777816925E0,9.782263829E0
7.474550875E0,-2.712359619E-1,1.187031555E-1,9.776769104E0,9.781251121E0
7.484566875E0,-2.725831604E-1,1.100212097E-1,9.783654785E0,9.788069636E0
7.494581875E0,-2.845582581E-1,1.083746338E-1,9.779313812E0,9.784053204E0
7.504597875E0,-2.770738220E-1,1.155596924E-1,9.781559143E0,9.786164888E0
7.514612875E0,-2.787203979E-1,1.166075134E-1,9.781409454E0,9.786074457E0
7.524628875E0,-2.730322266E-1,1.158590698E-1,9.778715057E0,9.783212054E0
7.534643875E0,-2.785707092E-1,1.185534668E-1,9.783355408E0,9.788038598E0
7.544659875E0,-2.754272461E-1,1.157093811E-1,9.777517548E0,9.782080465E0
7.554674875E0,-2.715353394E-1,1.199006653E-1,9.778265991E0,9.782770232E0
7.564690875E0,-2.736309814E-1,1.128652954E-1,9.791139221E0,9.795612270E0
7.574705875E0,-2.713856506E-1,1.151106262E-1,9.779164124E0,9.783606267E0
7.584721875E0,-2.727328491E-1,1.155596924E-1,9.771979065E0,9.776467260E0
7.594736875E0,-2.767744446E-1,1.251397705E-1,9.778715057E0,9.783431516E0
7.604752875E0,-2.713856506E-1,1.122665405E-1,9.786648560E0,9.791054283E0
7.614767875E0,-2.767744446E-1,1.124162292E-1,9.790839844E0,9.795396181E0
7.624783875E0,-2.730322266E-1,1.143621826E-1,9.785301361E0,9.789777732E0
7.634798875E0,-2.718347168E-1,1.161584473E-1,9.774673462E0,9.779142508E0
7.644814875E0,-2.740800476E-1,1.083746338E-1,9.770182800E0,9.774627199E0
7.654829875E0,-2.716850281E-1,1.089733887E-1,9.776619415E0,9.781000723E0
7.664845875E0,-2.736309814E-1,1.095721436E-1,9.784702606E0,9.789141181E0
7.674860875E0,-2.754272461E-1,1.204994202E-1,9.793683929E0,9.798297056E0
7.684876875E0,-2.736309814E-1,1.166075134E-1,9.773925018E0,9.778449851E0
7.694891875E0,-2.727328491E-1,1.134640503E-1,9.775721283E0,9.780183224E0
7.704907875E0,-2.730322266E-1,1.199006653E-1,9.784852295E0,9.789395140E0
7.714922875E0,-2.728825378E-1,1.136137390E-1,9.788594513E0,9.793056494E0
7.724938875E0,-2.782713318E-1,1.083746338E-1,9.793234863E0,9.797786948E0
7.734953875E0,-2.785707092E-1,1.133143616E-1,9.787097626E0,9.791716996E0
7.744969875E0,-2.713856506E-1,1.065783691E-1,9.785001984E0,9.789344868E0
7.754984875E0,-2.752775574E-1,1.196012878E-1,9.774823151E0,9.779429934E0
7.765000875E0,-2.782713318E-1,1.264869690E-1,9.783205719E0,9.787979773E0
7.775016875E0,-2.749781799E-1,1.155596924E-1,9.786498871E0,9.791043213E0
7.785031875E0,-2.712359619E-1,1.148112488E-1,9.780661011E0,9.785094807E0
7.795047875E0,-2.733316040E-1,1.213975525E-1,9.782906342E0,9.787476897E0
7.805062875E0,-2.722837830E-1,1.263372803E-1,9.778415680E0,9.783021659E0
7.815078875E0,-2.746788025E-1,1.113684082E-1,9.778715057E0,9.783205995E0
7.825093875E0,-2.763253784E-1,1.167572021E-1,9.781110077E0,9.785709085E0
7.835109875E0,-2.725831604E-1,1.184037781E-1,9.786648560E0,9.791159843E0
7.845124875E0,-2.724334717E-1,1.128652954E-1,9.784403229E0,9.788845954E0
7.855140875E0,-2.716850281E-1,1.079255676E-1,9.777667236E0,9.782036458E0
7.865155875E0,-2.710862732E-1,1.143621826E-1,9.779912567E0,9.784337295E0
7.875171875E0,-2.784210205E-1,1.190025330E-1,9.787247314E0,9.791929833E0
7.885186875E0,-2.719844055E-1,1.179547119E-1,9.794282684E0,9.798768399E0
7.895202875E0,-2.719844055E-1,1.160087585E-1,9.778715057E0,9.783184641E0
7.905217875E0,-2.676434326E-1,1.145118713E-1,9.773326263E0,9.777660877E0
7.915233875E0,-2.709365845E-1,1.118174744E-1,9.777068481E0,9.781460927E0
7.925248875E0,-2.751278687E-1,1.095721436E-1,9.788893890E0,9.793372504E0
7.935264875E0,-2.746788025E-1,1.125659180E-1,9.779463501E0,9.783967799E0
7.945279875E0,-2.730322266E-1,1.077758789E-1,9.787546692E0,9.791947328E0
7.955295875E0,-2.713856506E-1,1.100212097E-1,9.788444824E0,9.792824256E0
7.965310875E0,-2.749781799E-1,1.236428833E-1,9.789941711E0,9.794583160E0
7.975326875E0,-2.763253784E-1,1.142124939E-1,9.783205719E0,9.787773718E0
7.985341875E0,-2.716850281E-1,1.133143616E-1,9.773925018E0,9.778356874E0